,Unnamed: 0,realtime_start,realtime_end,date,value,自動新增,realtime_start_position,realtime_end_position,date_position
0,0,2005-04-28,2005-05-25,2005-01-01,11078.2,False,117,144,0
1,1,2005-05-26,2005-06-28,2005-01-01,11088.8,False,145,178,0
2,2,2005-06-29,2005-07-28,2005-01-01,11096.2,False,179,208,0
3,3,2005-07-29,2006-07-27,2005-01-01,10999.3,False,209,572,0
4,4,2006-07-28,2007-07-26,2005-01-01,10913.8,False,573,936,0
5,5,2007-07-27,2008-07-30,2005-01-01,10878.4,False,937,1306,0
6,6,2008-07-31,2009-07-30,2005-01-01,10875.8,False,1307,1671,0
7,7,2009-07-31,2011-07-28,2005-01-01,12534.1,False,1672,2399,0
8,8,2011-07-29,2013-07-30,2005-01-01,12515.0,False,2400,3132,0
9,9,2013-07-31,2014-07-29,2005-01-01,14100.2,False,3133,3496,0
10,10,2014-07-30,2017-10-26,2005-01-01,14099.1,False,3497,4681,0
11,11,2017-10-27,2018-07-26,2005-01-01,14099.081,False,4682,4954,0
12,12,2018-07-27,2021-07-28,2005-01-01,14771.602,False,4955,6052,0
13,13,2021-07-29,2023-09-27,2005-01-01,14767.846,False,6053,6843,0
14,14,2023-09-28,2025-02-11,2005-01-01,15844.727,False,6844,7346,0
15,15,2005-07-29,2005-08-30,2005-04-01,11092.0,False,209,241,90
16,16,2005-08-31,2005-09-28,2005-04-01,11088.6,False,242,270,90
17,17,2005-09-29,2006-07-27,2005-04-01,11089.2,False,271,572,90
18,18,2006-07-28,2007-07-26,2005-04-01,11001.8,False,573,936,90
19,19,2007-07-27,2008-07-30,2005-04-01,10954.1,False,937,1306,90
20,20,2008-07-31,2009-07-30,2005-04-01,10946.1,False,1307,1671,90
21,21,2009-07-31,2011-07-28,2005-04-01,12587.5,False,1672,2399,90
22,22,2011-07-29,2013-07-30,2005-04-01,12570.7,False,2400,3132,90
23,23,2013-07-31,2014-07-29,2005-04-01,14177.2,False,3133,3496,90
24,24,2014-07-30,2017-10-26,2005-04-01,14172.7,False,3497,4681,90
25,25,2017-10-27,2018-07-26,2005-04-01,14172.695,False,4682,4954,90
26,26,2018-07-27,2021-07-28,2005-04-01,14839.782,False,4955,6052,90
27,27,2021-07-29,2023-09-27,2005-04-01,14839.707,False,6053,6843,90
28,28,2023-09-28,2025-02-11,2005-04-01,15922.782,False,6844,7346,90
29,29,2005-10-28,2005-11-29,2005-07-01,11193.2,False,300,332,181
30,30,2005-11-30,2005-12-20,2005-07-01,11206.1,False,333,353,181
31,31,2005-12-21,2006-07-27,2005-07-01,11202.3,False,354,572,181
32,32,2006-07-28,2007-07-26,2005-07-01,11115.1,False,573,936,181
33,33,2007-07-27,2008-07-30,2005-07-01,11074.3,False,937,1306,181
34,34,2008-07-31,2009-07-30,2005-07-01,11050.0,False,1307,1671,181
35,35,2009-07-31,2011-07-28,2005-07-01,12683.2,False,1672,2399,181
36,36,2011-07-29,2013-07-30,2005-07-01,12670.5,False,2400,3132,181
37,37,2013-07-31,2014-07-29,2005-07-01,14292.9,False,3133,3496,181
38,38,2014-07-30,2017-10-26,2005-07-01,14291.8,False,3497,4681,181
39,39,2017-10-27,2018-07-26,2005-07-01,14291.757,False,4682,4954,181
40,40,2018-07-27,2021-07-28,2005-07-01,14972.054,False,4955,6052,181
41,41,2021-07-29,2023-09-27,2005-07-01,14956.291,False,6053,6843,181
42,42,2023-09-28,2025-02-11,2005-07-01,16047.587,False,6844,7346,181
43,43,2006-01-27,2006-02-27,2005-10-01,11233.5,False,391,422,273
44,44,2006-02-28,2006-03-29,2005-10-01,11247.6,False,423,452,273
45,45,2006-03-30,2006-07-27,2005-10-01,11248.3,False,453,572,273
46,46,2006-07-28,2007-07-26,2005-10-01,11163.8,False,573,936,273
47,47,2007-07-27,2008-07-30,2005-10-01,11107.2,False,937,1306,273
48,48,2008-07-31,2009-07-30,2005-10-01,11086.1,False,1307,1671,273
49,49,2009-07-31,2011-07-28,2005-10-01,12748.7,False,1672,2399,273
50,50,2011-07-29,2013-07-30,2005-10-01,12735.6,False,2400,3132,273
51,51,2013-07-31,2014-07-29,2005-10-01,14372.0,False,3133,3496,273
52,52,2014-07-30,2017-10-26,2005-10-01,14373.4,False,3497,4681,273
53,53,2017-10-27,2018-07-26,2005-10-01,14373.438,False,4682,4954,273
54,54,2018-07-27,2021-07-28,2005-10-01,15066.597,False,4955,6052,273
55,55,2021-07-29,2023-09-27,2005-10-01,15041.232,False,6053,6843,273
56,56,2023-09-28,2025-02-11,2005-10-01,16136.734,False,6844,7346,273
57,57,2006-04-28,2006-05-24,2006-01-01,11381.4,False,482,508,365
58,58,2006-05-25,2006-06-28,2006-01-01,11394.7,False,509,543,365
59,59,2006-06-29,2006-07-27,2006-01-01,11403.6,False,544,572,365
60,60,2006-07-28,2007-07-26,2006-01-01,11316.4,False,573,936,365
61,61,2007-07-27,2008-07-30,2006-01-01,11238.7,False,937,1306,365
62,62,2008-07-31,2009-07-30,2006-01-01,11217.3,False,1307,1671,365
63,63,2009-07-31,2011-07-28,2006-01-01,12915.9,False,1672,2399,365
64,64,2011-07-29,2013-07-30,2006-01-01,12896.4,False,2400,3132,365
65,65,2013-07-31,2014-07-29,2006-01-01,14546.4,False,3133,3496,365
66,66,2014-07-30,2017-10-26,2006-01-01,14546.1,False,3497,4681,365
67,67,2017-10-27,2018-07-26,2006-01-01,14546.119,False,4682,4954,365
68,68,2018-07-27,2021-07-28,2006-01-01,15267.026,False,4955,6052,365
69,69,2021-07-29,2023-09-27,2006-01-01,15244.088,False,6053,6843,365
70,70,2023-09-28,2025-02-11,2006-01-01,16353.835,False,6844,7346,365
71,71,2006-07-28,2006-08-29,2006-04-01,11385.3,False,573,605,455
72,72,2006-08-30,2006-09-27,2006-04-01,11397.6,False,606,634,455
73,73,2006-09-28,2007-07-26,2006-04-01,11388.1,False,635,936,455
74,74,2007-07-27,2008-07-30,2006-04-01,11306.7,False,937,1306,455
75,75,2008-07-31,2009-07-30,2006-04-01,11291.7,False,1307,1671,455
76,76,2009-07-31,2011-07-28,2006-04-01,12962.5,False,1672,2399,455
77,77,2011-07-29,2013-07-30,2006-04-01,12948.7,False,2400,3132,455
78,78,2013-07-31,2014-07-29,2006-04-01,14591.6,False,3133,3496,455
79,79,2014-07-30,2017-10-26,2006-04-01,14589.6,False,3497,4681,455
80,80,2017-10-27,2018-07-26,2006-04-01,14589.585,False,4682,4954,455
81,81,2018-07-27,2021-07-28,2006-04-01,15302.705,False,4955,6052,455
82,82,2021-07-29,2023-09-27,2006-04-01,15281.525,False,6053,6843,455
83,83,2023-09-28,2025-02-11,2006-04-01,16396.151,False,6844,7346,455
84,84,2006-10-27,2006-11-28,2006-07-01,11432.9,False,664,696,546
85,85,2006-11-29,2006-12-20,2006-07-01,11450.5,False,697,718,546
86,86,2006-12-21,2007-07-26,2006-07-01,11443.5,False,719,936,546
87,87,2007-07-27,2008-07-30,2006-07-01,11336.7,False,937,1306,546
88,88,2008-07-31,2009-07-30,2006-07-01,11314.1,False,1307,1671,546
89,89,2009-07-31,2011-07-28,2006-07-01,12965.9,False,1672,2399,546
90,90,2011-07-29,2013-07-30,2006-07-01,12950.4,False,2400,3132,546
91,91,2013-07-31,2014-07-29,2006-07-01,14604.4,False,3133,3496,546
92,92,2014-07-30,2017-10-26,2006-07-01,14602.6,False,3497,4681,546
93,93,2017-10-27,2018-07-26,2006-07-01,14602.633,False,4682,4954,546
94,94,2018-07-27,2021-07-28,2006-07-01,15326.368,False,4955,6052,546
95,95,2021-07-29,2023-09-27,2006-07-01,15304.517,False,6053,6843,546
96,96,2023-09-28,2025-02-11,2006-07-01,16420.738,False,6844,7346,546
97,97,2007-01-31,2007-02-27,2006-10-01,11541.6,False,760,787,638
98,98,2007-02-28,2007-03-28,2006-10-01,11506.5,False,788,816,638
99,99,2007-03-29,2007-07-26,2006-10-01,11513.0,False,817,936,638
100,100,2007-07-27,2008-07-30,2006-10-01,11395.5,False,937,1306,638
101,101,2008-07-31,2009-07-30,2006-10-01,11356.4,False,1307,1671,638
102,102,2009-07-31,2011-07-28,2006-10-01,13060.7,False,1672,2399,638
103,103,2011-07-29,2013-07-30,2006-10-01,13038.4,False,2400,3132,638
104,104,2013-07-31,2014-07-29,2006-10-01,14718.4,False,3133,3496,638
105,105,2014-07-30,2017-10-26,2006-10-01,14716.9,False,3497,4681,638
106,106,2017-10-27,2018-07-26,2006-10-01,14716.93,False,4682,4954,638
107,107,2018-07-27,2021-07-28,2006-10-01,15456.928,False,4955,6052,638
108,108,2021-07-29,2023-09-27,2006-10-01,15433.643,False,6053,6843,638
109,109,2023-09-28,2025-02-11,2006-10-01,16561.866,False,6844,7346,638
110,110,2007-04-27,2007-05-30,2007-01-01,11549.1,False,846,879,730
111,111,2007-05-31,2007-06-27,2007-01-01,11531.7,False,880,907,730
112,112,2007-06-28,2007-07-26,2007-01-01,11532.8,False,908,936,730
113,113,2007-07-27,2008-07-30,2007-01-01,11412.6,False,937,1306,730
114,114,2008-07-31,2009-07-30,2007-01-01,11357.8,False,1307,1671,730
115,115,2009-07-31,2010-07-29,2007-01-01,13099.9,False,1672,2035,730
116,116,2010-07-30,2011-07-28,2007-01-01,13089.3,False,2036,2399,730
117,117,2011-07-29,2013-07-30,2007-01-01,13056.1,False,2400,3132,730
118,118,2013-07-31,2014-07-29,2007-01-01,14728.1,False,3133,3496,730
119,119,2014-07-30,2017-10-26,2007-01-01,14726.0,False,3497,4681,730
120,120,2017-10-27,2018-07-26,2007-01-01,14726.022,False,4682,4954,730
121,121,2018-07-27,2021-07-28,2007-01-01,15493.328,False,4955,6052,730
122,122,2021-07-29,2023-09-27,2007-01-01,15478.956,False,6053,6843,730
123,123,2023-09-28,2025-02-11,2007-01-01,16611.69,False,6844,7346,730
124,124,2007-07-27,2007-08-29,2007-04-01,11507.9,False,937,970,820
125,125,2007-08-30,2007-09-26,2007-04-01,11523.8,False,971,998,820
126,126,2007-09-27,2008-07-30,2007-04-01,11520.1,False,999,1306,820
127,127,2008-07-31,2009-07-30,2007-04-01,11491.4,False,1307,1671,820
128,128,2009-07-31,2010-07-29,2007-04-01,13204.0,False,1672,2035,820
129,129,2010-07-30,2011-07-28,2007-04-01,13194.1,False,2036,2399,820
130,130,2011-07-29,2013-07-30,2007-04-01,13173.6,False,2400,3132,820
131,131,2013-07-31,2014-07-29,2007-04-01,14841.5,False,3133,3496,820
132,132,2014-07-30,2017-10-26,2007-04-01,14838.7,False,3497,4681,820
133,133,2017-10-27,2018-07-26,2007-04-01,14838.664,False,4682,4954,820
134,134,2018-07-27,2021-07-28,2007-04-01,15582.085,False,4955,6052,820
135,135,2021-07-29,2023-09-27,2007-04-01,15577.779,False,6053,6843,820
136,136,2023-09-28,2025-02-11,2007-04-01,16713.314,False,6844,7346,820
137,137,2007-10-31,2007-11-28,2007-07-01,11630.7,False,1033,1061,911
138,138,2007-11-29,2007-12-19,2007-07-01,11659.3,False,1062,1082,911
139,139,2007-12-20,2008-07-30,2007-07-01,11658.9,False,1083,1306,911
140,140,2008-07-31,2009-07-30,2007-07-01,11625.7,False,1307,1671,911
141,141,2009-07-31,2010-07-29,2007-07-01,13321.1,False,1672,2035,911
142,142,2010-07-30,2011-07-28,2007-07-01,13268.5,False,2036,2399,911
143,143,2011-07-29,2013-07-30,2007-07-01,13269.8,False,2400,3132,911
144,144,2013-07-31,2014-07-29,2007-07-01,14941.5,False,3133,3496,911
145,145,2014-07-30,2017-10-26,2007-07-01,14938.5,False,3497,4681,911
146,146,2017-10-27,2018-07-26,2007-07-01,14938.467,False,4682,4954,911
147,147,2018-07-27,2021-07-28,2007-07-01,15666.738,False,4955,6052,911
148,148,2021-07-29,2023-09-27,2007-07-01,15671.605,False,6053,6843,911
149,149,2023-09-28,2025-02-11,2007-07-01,16809.587,False,6844,7346,911
150,150,2008-01-30,2008-02-27,2007-10-01,11677.4,False,1124,1152,1003
151,151,2008-02-28,2008-03-26,2007-10-01,11677.1,False,1153,1180,1003
152,152,2008-03-27,2008-07-30,2007-10-01,11675.7,False,1181,1306,1003
153,153,2008-07-31,2009-07-30,2007-10-01,11620.7,False,1307,1671,1003
154,154,2009-07-31,2010-07-29,2007-10-01,13391.2,False,1672,2035,1003
155,155,2010-07-30,2011-07-28,2007-10-01,13363.5,False,2036,2399,1003
156,156,2011-07-29,2013-07-30,2007-10-01,13326.0,False,2400,3132,1003
157,157,2013-07-31,2014-07-29,2007-10-01,14996.1,False,3133,3496,1003
158,158,2014-07-30,2017-10-26,2007-10-01,14991.8,False,3497,4681,1003
159,159,2017-10-27,2018-07-26,2007-10-01,14991.784,False,4682,4954,1003
160,160,2018-07-27,2021-07-28,2007-10-01,15761.967,False,4955,6052,1003
161,161,2021-07-29,2023-09-27,2007-10-01,15767.146,False,6053,6843,1003
162,162,2023-09-28,2025-02-11,2007-10-01,16915.191,False,6844,7346,1003
163,163,2008-04-30,2008-05-28,2008-01-01,11693.1,False,1215,1243,1095
164,164,2008-05-29,2008-06-25,2008-01-01,11701.9,False,1244,1271,1095
165,165,2008-06-26,2008-07-30,2008-01-01,11703.6,False,1272,1306,1095
166,166,2008-07-31,2009-07-30,2008-01-01,11646.0,False,1307,1671,1095
167,167,2009-07-31,2010-07-29,2008-01-01,13366.9,False,1672,2035,1095
168,168,2010-07-30,2011-07-28,2008-01-01,13339.2,False,2036,2399,1095
169,169,2011-07-29,2013-07-30,2008-01-01,13266.8,False,2400,3132,1095
170,170,2013-07-31,2014-07-29,2008-01-01,14895.4,False,3133,3496,1095
171,171,2014-07-30,2017-10-26,2008-01-01,14889.5,False,3497,4681,1095
172,172,2017-10-27,2018-07-26,2008-01-01,14889.45,False,4682,4954,1095
173,173,2018-07-27,2021-07-28,2008-01-01,15671.383,False,4955,6052,1095
174,174,2021-07-29,2023-09-27,2008-01-01,15702.906,False,6053,6843,1095
175,175,2023-09-28,2025-02-11,2008-01-01,16843.003,False,6844,7346,1095
176,176,2008-07-31,2008-08-27,2008-04-01,11700.6,False,1307,1334,1186
177,177,2008-08-28,2008-09-25,2008-04-01,11740.3,False,1335,1363,1186
178,178,2008-09-26,2009-07-30,2008-04-01,11727.4,False,1364,1671,1186
179,179,2009-07-31,2010-07-29,2008-04-01,13415.3,False,1672,2035,1186
180,180,2010-07-30,2011-07-28,2008-04-01,13359.0,False,2036,2399,1186
181,181,2011-07-29,2013-07-30,2008-04-01,13310.5,False,2400,3132,1186
182,182,2013-07-31,2014-07-29,2008-04-01,14969.2,False,3133,3496,1186
183,183,2014-07-30,2017-10-26,2008-04-01,14963.4,False,3497,4681,1186
184,184,2017-10-27,2018-07-26,2008-04-01,14963.357,False,4682,4954,1186
185,185,2018-07-27,2021-07-28,2008-04-01,15752.308,False,4955,6052,1186
186,186,2021-07-29,2023-09-27,2008-04-01,15792.773,False,6053,6843,1186
187,187,2023-09-28,2025-02-11,2008-04-01,16943.291,False,6844,7346,1186
188,188,2008-10-30,2008-11-24,2008-07-01,11720.0,False,1398,1423,1277
189,189,2008-11-25,2008-12-22,2008-07-01,11712.3,False,1424,1451,1277
190,190,2008-12-23,2009-07-30,2008-07-01,11712.4,False,1452,1671,1277
191,191,2009-07-31,2010-07-29,2008-07-01,13324.6,False,1672,2035,1277
192,192,2010-07-30,2011-07-28,2008-07-01,13223.5,False,2036,2399,1277
193,193,2011-07-29,2013-07-30,2008-07-01,13186.9,False,2400,3132,1277
194,194,2013-07-31,2014-07-29,2008-07-01,14895.1,False,3133,3496,1277
195,195,2014-07-30,2017-10-26,2008-07-01,14891.6,False,3497,4681,1277
196,196,2017-10-27,2018-07-26,2008-07-01,14891.643,False,4682,4954,1277
197,197,2018-07-27,2021-07-28,2008-07-01,15667.032,False,4955,6052,1277
198,198,2021-07-29,2023-09-27,2008-07-01,15709.562,False,6053,6843,1277
199,199,2023-09-28,2025-02-11,2008-07-01,16854.295,False,6844,7346,1277
200,200,2009-01-30,2009-02-26,2008-10-01,11599.4,False,1490,1517,1369
201,201,2009-02-27,2009-03-25,2008-10-01,11525.0,False,1518,1544,1369
202,202,2009-03-26,2009-07-30,2008-10-01,11522.1,False,1545,1671,1369
203,203,2009-07-31,2010-07-29,2008-10-01,13141.9,False,1672,2035,1369
204,204,2010-07-30,2011-07-28,2008-10-01,12993.7,False,2036,2399,1369
205,205,2011-07-29,2013-07-30,2008-10-01,12883.5,False,2400,3132,1369
206,206,2013-07-31,2014-07-29,2008-10-01,14574.6,False,3133,3496,1369
207,207,2014-07-30,2017-10-26,2008-10-01,14577.0,False,3497,4681,1369
208,208,2017-10-27,2018-07-26,2008-10-01,14576.985,False,4682,4954,1369
209,209,2018-07-27,2021-07-28,2008-10-01,15328.027,False,4955,6052,1369
210,210,2021-07-29,2023-09-27,2008-10-01,15366.607,False,6053,6843,1369
211,211,2023-09-28,2025-02-11,2008-10-01,16485.35,False,6844,7346,1369
212,212,2009-04-29,2009-05-28,2009-01-01,11340.9,False,1579,1608,1461
213,213,2009-05-29,2009-06-24,2009-01-01,11353.7,False,1609,1635,1461
214,214,2009-06-25,2009-07-30,2009-01-01,11360.5,False,1636,1671,1461
215,215,2009-07-31,2010-07-29,2009-01-01,12925.4,False,1672,2035,1461
216,216,2010-07-30,2011-07-28,2009-01-01,12832.6,False,2036,2399,1461
217,217,2011-07-29,2012-07-26,2009-01-01,12663.2,False,2400,2763,1461
218,218,2012-07-27,2013-07-30,2009-01-01,12711.0,False,2764,3132,1461
219,219,2013-07-31,2014-07-29,2009-01-01,14372.1,False,3133,3496,1461
220,220,2014-07-30,2017-10-26,2009-01-01,14375.0,False,3497,4681,1461
221,221,2017-10-27,2018-07-26,2009-01-01,14375.018,False,4682,4954,1461
222,222,2018-07-27,2021-07-28,2009-01-01,15155.94,False,4955,6052,1461
223,223,2021-07-29,2023-09-27,2009-01-01,15187.475,False,6053,6843,1461
224,224,2023-09-28,2025-02-11,2009-01-01,16298.262,False,6844,7346,1461
225,225,2009-07-31,2009-08-26,2009-04-01,12892.4,False,1672,1698,1551
226,226,2009-08-27,2009-09-29,2009-04-01,12892.5,False,1699,1732,1551
227,227,2009-09-30,2010-07-29,2009-04-01,12901.5,False,1733,2035,1551
228,228,2010-07-30,2011-07-28,2009-04-01,12810.0,False,2036,2399,1551
229,229,2011-07-29,2012-07-26,2009-04-01,12641.3,False,2400,2763,1551
230,230,2012-07-27,2013-07-30,2009-04-01,12701.0,False,2764,3132,1551
231,231,2013-07-31,2014-07-29,2009-04-01,14356.9,False,3133,3496,1551
232,232,2014-07-30,2017-10-26,2009-04-01,14355.6,False,3497,4681,1551
233,233,2017-10-27,2018-07-26,2009-04-01,14355.558,False,4682,4954,1551
234,234,2018-07-27,2021-07-28,2009-04-01,15134.117,False,4955,6052,1551
235,235,2021-07-29,2023-09-27,2009-04-01,15161.772,False,6053,6843,1551
236,236,2023-09-28,2025-02-11,2009-04-01,16269.145,False,6844,7346,1551
237,237,2009-10-29,2009-11-23,2009-07-01,13014.0,False,1762,1787,1642
238,238,2009-11-24,2009-12-21,2009-07-01,12990.3,False,1788,1815,1642
239,239,2009-12-22,2010-07-29,2009-07-01,12973.0,False,1816,2035,1642
240,240,2010-07-30,2011-07-28,2009-07-01,12860.8,False,2036,2399,1642
241,241,2011-07-29,2012-07-26,2009-07-01,12694.5,False,2400,2763,1642
242,242,2012-07-27,2013-07-30,2009-07-01,12746.7,False,2764,3132,1642
243,243,2013-07-31,2017-10-26,2009-07-01,14402.5,False,3133,4681,1642
244,244,2017-10-27,2018-07-26,2009-07-01,14402.477,False,4682,4954,1642
245,245,2018-07-27,2021-07-28,2009-07-01,15189.222,False,4955,6052,1642
246,246,2021-07-29,2023-09-27,2009-07-01,15216.647,False,6053,6843,1642
247,247,2023-09-28,2025-02-11,2009-07-01,16326.281,False,6844,7346,1642
248,248,2010-01-29,2010-02-25,2009-10-01,13155.0,False,1854,1881,1734
249,249,2010-02-26,2010-03-25,2009-10-01,13161.1,False,1882,1909,1734
250,250,2010-03-26,2010-07-29,2009-10-01,13149.5,False,1910,2035,1734
251,251,2010-07-30,2011-07-28,2009-10-01,13019.0,False,2036,2399,1734
252,252,2011-07-29,2012-07-26,2009-10-01,12813.5,False,2400,2763,1734
253,253,2012-07-27,2013-07-30,2009-10-01,12873.1,False,2764,3132,1734
254,254,2013-07-31,2014-07-29,2009-10-01,14540.2,False,3133,3496,1734
255,255,2014-07-30,2017-10-26,2009-10-01,14541.9,False,3497,4681,1734
256,256,2017-10-27,2018-07-26,2009-10-01,14541.901,False,4682,4954,1734
257,257,2018-07-27,2021-07-28,2009-10-01,15356.058,False,4955,6052,1734
258,258,2021-07-29,2023-09-27,2009-10-01,15379.155,False,6053,6843,1734
259,259,2023-09-28,2025-02-11,2009-10-01,16502.754,False,6844,7346,1734
260,260,2010-04-30,2010-05-26,2010-01-01,13254.7,False,1945,1971,1826
261,261,2010-05-27,2010-06-24,2010-01-01,13248.2,False,1972,2000,1826
262,262,2010-06-25,2010-07-29,2010-01-01,13238.6,False,2001,2035,1826
263,263,2010-07-30,2011-07-28,2010-01-01,13138.8,False,2036,2399,1826
264,264,2011-07-29,2012-07-26,2010-01-01,12937.7,False,2400,2763,1826
265,265,2012-07-27,2013-07-30,2010-01-01,12947.6,False,2764,3132,1826
266,266,2013-07-31,2014-07-29,2010-01-01,14597.7,False,3133,3496,1826
267,267,2014-07-30,2017-10-26,2010-01-01,14604.8,False,3497,4681,1826
268,268,2017-10-27,2018-07-26,2010-01-01,14604.845,False,4682,4954,1826
269,269,2018-07-27,2021-07-28,2010-01-01,15415.145,False,4955,6052,1826
270,270,2021-07-29,2023-09-27,2010-01-01,15456.059,False,6053,6843,1826
271,271,2023-09-28,2025-02-11,2010-01-01,16582.71,False,6844,7346,1826
272,272,2010-07-30,2010-08-26,2010-04-01,13216.5,False,2036,2063,1916
273,273,2010-08-27,2010-09-29,2010-04-01,13191.5,False,2064,2097,1916
274,274,2010-09-30,2011-07-28,2010-04-01,13194.9,False,2098,2399,1916
275,275,2011-07-29,2012-07-26,2010-04-01,13058.5,False,2400,2763,1916
276,276,2012-07-27,2013-07-30,2010-04-01,13019.6,False,2764,3132,1916
277,277,2013-07-31,2014-07-29,2010-04-01,14738.0,False,3133,3496,1916
278,278,2014-07-30,2017-10-26,2010-04-01,14745.9,False,3497,4681,1916
279,279,2017-10-27,2018-07-26,2010-04-01,14745.933,False,4682,4954,1916
280,280,2018-07-27,2021-07-28,2010-04-01,15557.277,False,4955,6052,1916
281,281,2021-07-29,2023-09-27,2010-04-01,15605.628,False,6053,6843,1916
282,282,2023-09-28,2025-02-11,2010-04-01,16743.162,False,6844,7346,1916
283,283,2010-10-29,2010-11-22,2010-07-01,13260.7,False,2127,2151,2007
284,284,2010-11-23,2010-12-21,2010-07-01,13277.4,False,2152,2180,2007
285,285,2010-12-22,2011-07-28,2010-07-01,13278.5,False,2181,2399,2007
286,286,2011-07-29,2012-07-26,2010-07-01,13139.6,False,2400,2763,2007
287,287,2012-07-27,2013-07-30,2010-07-01,13103.5,False,2764,3132,2007
288,288,2013-07-31,2014-07-29,2010-07-01,14839.3,False,3133,3496,2007
289,289,2014-07-30,2017-10-26,2010-07-01,14845.5,False,3497,4681,2007
290,290,2017-10-27,2018-07-26,2010-07-01,14845.458,False,4682,4954,2007
291,291,2018-07-27,2021-07-28,2010-07-01,15671.967,False,4955,6052,2007
292,292,2021-07-29,2023-09-27,2010-07-01,15726.282,False,6053,6843,2007
293,293,2023-09-28,2025-02-11,2010-07-01,16872.266,False,6844,7346,2007
294,294,2011-01-28,2011-02-24,2010-10-01,13382.6,False,2218,2245,2099
295,295,2011-02-25,2011-03-24,2010-10-01,13370.1,False,2246,2273,2099
296,296,2011-03-25,2011-07-28,2010-10-01,13380.7,False,2274,2399,2099
297,297,2011-07-29,2012-07-26,2010-10-01,13216.1,False,2400,2763,2099
298,298,2012-07-27,2013-07-30,2010-10-01,13181.2,False,2764,3132,2099
299,299,2013-07-31,2014-07-29,2010-10-01,14942.4,False,3133,3496,2099
300,300,2014-07-30,2017-10-26,2010-10-01,14939.0,False,3497,4681,2099
301,301,2017-10-27,2018-07-26,2010-10-01,14939.001,False,4682,4954,2099
302,302,2018-07-27,2021-07-28,2010-10-01,15750.625,False,4955,6052,2099
303,303,2021-07-29,2023-09-27,2010-10-01,15807.995,False,6053,6843,2099
304,304,2023-09-28,2025-02-11,2010-10-01,16960.864,False,6844,7346,2099
305,305,2011-04-28,2011-05-25,2011-01-01,13438.8,False,2308,2335,2191
306,306,2011-05-26,2011-06-23,2011-01-01,13441.9,False,2336,2364,2191
307,307,2011-06-24,2011-07-28,2011-01-01,13444.3,False,2365,2399,2191
308,308,2011-07-29,2012-07-26,2011-01-01,13227.9,False,2400,2763,2191
309,309,2012-07-27,2013-07-30,2011-01-01,13183.8,False,2764,3132,2191
310,310,2013-07-31,2014-07-29,2011-01-01,14894.0,False,3133,3496,2191
311,311,2014-07-30,2017-10-26,2011-01-01,14881.3,False,3497,4681,2191
312,312,2017-10-27,2018-07-26,2011-01-01,14881.301,False,4682,4954,2191
313,313,2018-07-27,2021-07-28,2011-01-01,15712.754,False,4955,6052,2191
314,314,2021-07-29,2023-09-27,2011-01-01,15769.911,False,6053,6843,2191
315,315,2023-09-28,2025-02-11,2011-01-01,16920.632,False,6844,7346,2191
316,316,2011-07-29,2011-08-25,2011-04-01,13270.1,False,2400,2427,2281
317,317,2011-08-26,2011-09-28,2011-04-01,13260.5,False,2428,2461,2281
318,318,2011-09-29,2012-07-26,2011-04-01,13271.8,False,2462,2763,2281
319,319,2012-07-27,2013-07-30,2011-04-01,13264.7,False,2764,3132,2281
320,320,2013-07-31,2014-07-29,2011-04-01,15011.3,False,3133,3496,2281
321,321,2014-07-30,2017-10-26,2011-04-01,14989.6,False,3497,4681,2281
322,322,2017-10-27,2018-07-26,2011-04-01,14989.555,False,4682,4954,2281
323,323,2018-07-27,2021-07-28,2011-04-01,15825.096,False,4955,6052,2281
324,324,2021-07-29,2023-09-27,2011-04-01,15876.839,False,6053,6843,2281
325,325,2023-09-28,2025-02-11,2011-04-01,17035.114,False,6844,7346,2281
326,326,2011-10-27,2011-11-21,2011-07-01,13352.8,False,2490,2515,2372
327,327,2011-11-22,2011-12-21,2011-07-01,13337.8,False,2516,2545,2372
328,328,2011-12-22,2012-07-26,2011-07-01,13331.6,False,2546,2763,2372
329,329,2012-07-27,2013-07-30,2011-07-01,13306.9,False,2764,3132,2372
330,330,2013-07-31,2014-07-29,2011-07-01,15062.1,False,3133,3496,2372
331,331,2014-07-30,2017-10-26,2011-07-01,15021.1,False,3497,4681,2372
332,332,2017-10-27,2018-07-26,2011-07-01,15021.149,False,4682,4954,2372
333,333,2018-07-27,2021-07-28,2011-07-01,15820.7,False,4955,6052,2372
334,334,2021-07-29,2023-09-27,2011-07-01,15870.684,False,6053,6843,2372
335,335,2023-09-28,2025-02-11,2011-07-01,17031.313,False,6844,7346,2372
336,336,2012-01-27,2012-02-28,2011-10-01,13422.4,False,2582,2614,2464
337,337,2012-02-29,2012-03-28,2011-10-01,13429.9,False,2615,2643,2464
338,338,2012-03-29,2012-07-26,2011-10-01,13429.0,False,2644,2763,2464
339,339,2012-07-27,2013-07-30,2011-10-01,13441.0,False,2764,3132,2464
340,340,2013-07-31,2014-07-29,2011-10-01,15242.1,False,3133,3496,2464
341,341,2014-07-30,2017-10-26,2011-10-01,15190.3,False,3497,4681,2464
342,342,2017-10-27,2018-07-26,2011-10-01,15190.255,False,4682,4954,2464
343,343,2018-07-27,2021-07-28,2011-10-01,16004.107,False,4955,6052,2464
344,344,2021-07-29,2023-09-27,2011-10-01,16048.702,False,6053,6843,2464
345,345,2023-09-28,2025-02-11,2011-10-01,17222.583,False,6844,7346,2464
346,346,2012-04-27,2012-05-30,2012-01-01,13502.4,False,2673,2706,2556
347,347,2012-05-31,2012-06-27,2012-01-01,13491.0,False,2707,2734,2556
348,348,2012-06-28,2012-07-26,2012-01-01,13491.4,False,2735,2763,2556
349,349,2012-07-27,2013-07-30,2012-01-01,13506.4,False,2764,3132,2556
350,350,2013-07-31,2014-07-29,2012-01-01,15381.6,False,3133,3496,2556
351,351,2014-07-30,2015-07-29,2012-01-01,15275.0,False,3497,3861,2556
352,352,2015-07-30,2017-10-26,2012-01-01,15291.0,False,3862,4681,2556
353,353,2017-10-27,2018-07-26,2012-01-01,15291.035,False,4682,4954,2556
354,354,2018-07-27,2021-07-28,2012-01-01,16129.418,False,4955,6052,2556
355,355,2021-07-29,2023-09-27,2012-01-01,16179.968,False,6053,6843,2556
356,356,2023-09-28,2025-02-11,2012-01-01,17367.01,False,6844,7346,2556
357,357,2012-07-27,2012-08-28,2012-04-01,13558.0,False,2764,2796,2647
358,358,2012-08-29,2012-09-26,2012-04-01,13564.5,False,2797,2825,2647
359,359,2012-09-27,2013-07-30,2012-04-01,13548.5,False,2826,3132,2647
360,360,2013-07-31,2014-07-29,2012-04-01,15427.7,False,3133,3496,2647
361,361,2014-07-30,2015-07-29,2012-04-01,15336.7,False,3497,3861,2647
362,362,2015-07-30,2017-10-26,2012-04-01,15362.4,False,3862,4681,2647
363,363,2017-10-27,2018-07-26,2012-04-01,15362.415,False,4682,4954,2647
364,364,2018-07-27,2021-07-28,2012-04-01,16198.807,False,4955,6052,2647
365,365,2021-07-29,2023-09-27,2012-04-01,16253.726,False,6053,6843,2647
366,366,2023-09-28,2025-02-11,2012-04-01,17444.525,False,6844,7346,2647
367,367,2012-10-26,2012-11-28,2012-07-01,13616.2,False,2855,2888,2738
368,368,2012-11-29,2012-12-19,2012-07-01,13638.1,False,2889,2909,2738
369,369,2012-12-20,2013-07-30,2012-07-01,13652.5,False,2910,3132,2738
370,370,2013-07-31,2014-07-29,2012-07-01,15534.0,False,3133,3496,2738
371,371,2014-07-30,2015-07-29,2012-07-01,15431.3,False,3497,3861,2738
372,372,2015-07-30,2017-10-26,2012-07-01,15380.8,False,3862,4681,2738
373,373,2017-10-27,2018-07-26,2012-07-01,15380.802,False,4682,4954,2738
374,374,2018-07-27,2021-07-28,2012-07-01,16220.667,False,4955,6052,2738
375,375,2021-07-29,2023-09-27,2012-07-01,16282.151,False,6053,6843,2738
376,376,2023-09-28,2025-02-11,2012-07-01,17469.65,False,6844,7346,2738
377,377,2013-01-30,2013-02-27,2012-10-01,13647.6,False,2951,2979,2830
378,378,2013-02-28,2013-03-27,2012-10-01,13656.8,False,2980,3007,2830
379,379,2013-03-28,2013-07-30,2012-10-01,13665.4,False,3008,3132,2830
380,380,2013-07-31,2014-07-29,2012-10-01,15539.6,False,3133,3496,2830
381,381,2014-07-30,2015-07-29,2012-10-01,15433.7,False,3497,3861,2830
382,382,2015-07-30,2017-10-26,2012-10-01,15384.3,False,3862,4681,2830
383,383,2017-10-27,2018-07-26,2012-10-01,15384.254,False,4682,4954,2830
384,384,2018-07-27,2021-07-28,2012-10-01,16239.138,False,4955,6052,2830
385,385,2021-07-29,2023-09-27,2012-10-01,16300.035,False,6053,6843,2830
386,386,2023-09-28,2025-02-11,2012-10-01,17489.852,False,6844,7346,2830
387,387,2013-04-26,2013-05-29,2013-01-01,13750.1,False,3037,3070,2922
388,388,2013-05-30,2013-06-25,2013-01-01,13746.2,False,3071,3097,2922
389,389,2013-06-26,2013-07-30,2013-01-01,13725.7,False,3098,3132,2922
390,390,2013-07-31,2014-07-29,2013-01-01,15583.9,False,3133,3496,2922
391,391,2014-07-30,2015-07-29,2013-01-01,15538.4,False,3497,3861,2922
392,392,2015-07-30,2016-07-28,2013-01-01,15457.2,False,3862,4226,2922
393,393,2016-07-29,2017-10-26,2013-01-01,15491.9,False,4227,4681,2922
394,394,2017-10-27,2018-07-26,2013-01-01,15491.878,False,4682,4954,2922
395,395,2018-07-27,2021-07-28,2013-01-01,16382.964,False,4955,6052,2922
396,396,2021-07-29,2023-09-27,2013-01-01,16441.485,False,6053,6843,2922
397,397,2023-09-28,2025-02-11,2013-01-01,17662.4,False,6844,7346,2922
398,398,2013-07-31,2013-08-28,2013-04-01,15648.7,False,3133,3161,3012
399,399,2013-08-29,2013-09-25,2013-04-01,15681.0,False,3162,3189,3012
400,400,2013-09-26,2014-07-29,2013-04-01,15679.7,False,3190,3496,3012
401,401,2014-07-30,2015-07-29,2013-04-01,15606.6,False,3497,3861,3012
402,402,2015-07-30,2016-07-28,2013-04-01,15500.2,False,3862,4226,3012
403,403,2016-07-29,2017-10-26,2013-04-01,15521.6,False,4227,4681,3012
404,404,2017-10-27,2018-07-26,2013-04-01,15521.559,False,4682,4954,3012
405,405,2018-07-27,2021-07-28,2013-04-01,16403.18,False,4955,6052,3012
406,406,2021-07-29,2023-09-27,2013-04-01,16464.402,False,6053,6843,3012
407,407,2023-09-28,2025-02-11,2013-04-01,17709.671,False,6844,7346,3012
408,408,2013-11-07,2013-12-04,2013-07-01,15790.1,False,3232,3259,3103
409,409,2013-12-05,2013-12-19,2013-07-01,15819.0,False,3260,3274,3103
410,410,2013-12-20,2014-07-29,2013-07-01,15839.3,False,3275,3496,3103
411,411,2014-07-30,2015-07-29,2013-07-01,15779.9,False,3497,3861,3103
412,412,2015-07-30,2016-07-28,2013-07-01,15614.4,False,3862,4226,3103
413,413,2016-07-29,2017-10-26,2013-07-01,15641.3,False,4227,4681,3103
414,414,2017-10-27,2018-07-26,2013-07-01,15641.336,False,4682,4954,3103
415,415,2018-07-27,2021-07-28,2013-07-01,16531.685,False,4955,6052,3103
416,416,2021-07-29,2023-09-27,2013-07-01,16594.743,False,6053,6843,3103
417,417,2023-09-28,2025-02-11,2013-07-01,17860.45,False,6844,7346,3103
418,418,2014-01-30,2014-02-27,2013-10-01,15965.6,False,3316,3344,3195
419,419,2014-02-28,2014-03-26,2013-10-01,15932.9,False,3345,3371,3195
420,420,2014-03-27,2014-07-29,2013-10-01,15942.3,False,3372,3496,3195
421,421,2014-07-30,2015-07-29,2013-10-01,15916.2,False,3497,3861,3195
422,422,2015-07-30,2016-07-28,2013-10-01,15761.5,False,3862,4226,3195
423,423,2016-07-29,2017-10-26,2013-10-01,15793.9,False,4227,4681,3195
424,424,2017-10-27,2018-07-26,2013-10-01,15793.928,False,4682,4954,3195
425,425,2018-07-27,2021-07-28,2013-10-01,16663.649,False,4955,6052,3195
426,426,2021-07-29,2023-09-27,2013-10-01,16712.76,False,6053,6843,3195
427,427,2023-09-28,2025-02-11,2013-10-01,18016.147,False,6844,7346,3195
428,428,2014-04-30,2014-05-28,2014-01-01,15946.6,False,3406,3434,3287
429,429,2014-05-29,2014-06-24,2014-01-01,15902.9,False,3435,3461,3287
430,430,2014-06-25,2014-07-29,2014-01-01,15824.2,False,3462,3496,3287
431,431,2014-07-30,2015-07-29,2014-01-01,15831.7,False,3497,3861,3287
432,432,2015-07-30,2016-07-28,2014-01-01,15724.9,False,3862,4226,3287
433,433,2016-07-29,2017-07-27,2014-01-01,15747.0,False,4227,4590,3287
434,434,2017-07-28,2017-10-26,2014-01-01,15757.6,False,4591,4681,3287
435,435,2017-10-27,2018-07-26,2014-01-01,15757.57,False,4682,4954,3287
436,436,2018-07-27,2019-07-25,2014-01-01,16621.696,False,4955,5318,3287
437,437,2019-07-26,2021-07-28,2014-01-01,16616.54,False,5319,6052,3287
438,438,2021-07-29,2023-09-27,2014-01-01,16654.247,False,6053,6843,3287
439,439,2023-09-28,2025-02-11,2014-01-01,17953.974,False,6844,7346,3287
440,440,2014-07-30,2014-08-27,2014-04-01,15985.7,False,3497,3525,3377
441,441,2014-08-28,2014-09-25,2014-04-01,15994.3,False,3526,3554,3377
442,442,2014-09-26,2015-07-29,2014-04-01,16010.4,False,3555,3861,3377
443,443,2015-07-30,2016-07-28,2014-04-01,15901.5,False,3862,4226,3377
444,444,2016-07-29,2017-07-27,2014-04-01,15900.8,False,4227,4590,3377
445,445,2017-07-28,2017-10-26,2014-04-01,15935.8,False,4591,4681,3377
446,446,2017-10-27,2018-07-26,2014-04-01,15935.825,False,4682,4954,3377
447,447,2018-07-27,2019-07-25,2014-04-01,16830.111,False,4955,5318,3377
448,448,2019-07-26,2021-07-28,2014-04-01,16841.475,False,5319,6052,3377
449,449,2021-07-29,2023-09-27,2014-04-01,16868.109,False,6053,6843,3377
450,450,2023-09-28,2025-02-11,2014-04-01,18185.911,False,6844,7346,3377
451,451,2014-10-30,2014-11-24,2014-07-01,16150.6,False,3589,3614,3468
452,452,2014-11-25,2014-12-22,2014-07-01,16164.1,False,3615,3642,3468
453,453,2014-12-23,2015-07-29,2014-07-01,16205.6,False,3643,3861,3468
454,454,2015-07-30,2016-07-28,2014-07-01,16068.8,False,3862,4226,3468
455,455,2016-07-29,2017-07-27,2014-07-01,16094.5,False,4227,4590,3468
456,456,2017-07-28,2017-10-26,2014-07-01,16139.5,False,4591,4681,3468
457,457,2017-10-27,2018-07-26,2014-07-01,16139.513,False,4682,4954,3468
458,458,2018-07-27,2019-07-25,2014-07-01,17033.572,False,4955,5318,3468
459,459,2019-07-26,2021-07-28,2014-07-01,17047.098,False,5319,6052,3468
460,460,2021-07-29,2023-09-27,2014-07-01,17064.616,False,6053,6843,3468
461,461,2023-09-28,2025-02-11,2014-07-01,18406.941,False,6844,7346,3468
462,462,2015-01-30,2015-02-26,2014-10-01,16311.6,False,3681,3708,3560
463,463,2015-02-27,2015-03-26,2014-10-01,16293.7,False,3709,3736,3560
464,464,2015-03-27,2015-07-29,2014-10-01,16294.7,False,3737,3861,3560
465,465,2015-07-30,2016-07-28,2014-10-01,16151.4,False,3862,4226,3560
466,466,2016-07-29,2017-07-27,2014-10-01,16186.7,False,4227,4590,3560
467,467,2017-07-28,2017-10-26,2014-10-01,16220.2,False,4591,4681,3560
468,468,2017-10-27,2018-07-26,2014-10-01,16220.222,False,4682,4954,3560
469,469,2018-07-27,2019-07-25,2014-10-01,17113.945,False,4955,5318,3560
470,470,2019-07-26,2021-07-28,2014-10-01,17143.038,False,5319,6052,3560
471,471,2021-07-29,2023-09-27,2014-10-01,17141.235,False,6053,6843,3560
472,472,2023-09-28,2025-02-11,2014-10-01,18500.031,False,6844,7346,3560
473,473,2015-04-29,2015-05-28,2015-01-01,16304.8,False,3770,3799,3652
474,474,2015-05-29,2015-06-23,2015-01-01,16264.1,False,3800,3825,3652
475,475,2015-06-24,2015-07-29,2015-01-01,16287.7,False,3826,3861,3652
476,476,2015-07-30,2016-07-28,2015-01-01,16177.3,False,3862,4226,3652
477,477,2016-07-29,2017-07-27,2015-01-01,16269.0,False,4227,4590,3652
478,478,2017-07-28,2017-10-26,2015-01-01,16350.0,False,4591,4681,3652
479,479,2017-10-27,2018-07-26,2015-01-01,16349.97,False,4682,4954,3652
480,480,2018-07-27,2019-07-25,2015-01-01,17254.744,False,4955,5318,3652
481,481,2019-07-26,2020-07-29,2015-01-01,17277.58,False,5319,5688,3652
482,482,2020-07-30,2021-07-28,2015-01-01,17305.752,False,5689,6052,3652
483,483,2021-07-29,2023-09-27,2015-01-01,17280.647,False,6053,6843,3652
484,484,2023-09-28,2025-02-11,2015-01-01,18666.621,False,6844,7346,3652
485,485,2015-07-30,2015-08-26,2015-04-01,16270.4,False,3862,3889,3742
486,486,2015-08-27,2015-09-24,2015-04-01,16324.3,False,3890,3918,3742
487,487,2015-09-25,2016-07-28,2015-04-01,16333.6,False,3919,4226,3742
488,488,2016-07-29,2017-07-27,2015-04-01,16374.2,False,4227,4590,3742
489,489,2017-07-28,2017-10-26,2015-04-01,16460.9,False,4591,4681,3742
490,490,2017-10-27,2018-07-26,2015-04-01,16460.889,False,4682,4954,3742
491,491,2018-07-27,2019-07-25,2015-04-01,17397.029,False,4955,5318,3742
492,492,2019-07-26,2020-07-29,2015-04-01,17405.669,False,5319,5688,3742
493,493,2020-07-30,2021-07-28,2015-04-01,17422.845,False,5689,6052,3742
494,494,2021-07-29,2023-09-27,2015-04-01,17380.875,False,6053,6843,3742
495,495,2023-09-28,2025-02-11,2015-04-01,18782.243,False,6844,7346,3742
496,496,2015-10-29,2015-11-23,2015-07-01,16394.2,False,3953,3978,3833
497,497,2015-11-24,2015-12-21,2015-07-01,16417.8,False,3979,4006,3833
498,498,2015-12-22,2016-07-28,2015-07-01,16414.0,False,4007,4226,3833
499,499,2016-07-29,2017-07-27,2015-07-01,16454.9,False,4227,4590,3833
500,500,2017-07-28,2017-10-26,2015-07-01,16527.6,False,4591,4681,3833
501,501,2017-10-27,2018-07-26,2015-07-01,16527.587,False,4682,4954,3833
502,502,2018-07-27,2019-07-25,2015-07-01,17438.802,False,4955,5318,3833
503,503,2019-07-26,2020-07-29,2015-07-01,17463.222,False,5319,5688,3833
504,504,2020-07-30,2021-07-28,2015-07-01,17486.021,False,5689,6052,3833
505,505,2021-07-29,2023-09-27,2015-07-01,17437.08,False,6053,6843,3833
506,506,2023-09-28,2025-02-11,2015-07-01,18857.418,False,6844,7346,3833
507,507,2016-01-29,2016-02-25,2015-10-01,16442.3,False,4045,4072,3925
508,508,2016-02-26,2016-03-24,2015-10-01,16455.1,False,4073,4100,3925
509,509,2016-03-25,2016-07-28,2015-10-01,16470.6,False,4101,4226,3925
510,510,2016-07-29,2017-07-27,2015-10-01,16490.7,False,4227,4590,3925
511,511,2017-07-28,2017-10-26,2015-10-01,16547.6,False,4591,4681,3925
512,512,2017-10-27,2018-07-26,2015-10-01,16547.619,False,4682,4954,3925
513,513,2018-07-27,2019-07-25,2015-10-01,17456.225,False,4955,5318,3925
514,514,2019-07-26,2020-07-29,2015-10-01,17468.902,False,5319,5688,3925
515,515,2020-07-30,2021-07-28,2015-10-01,17514.062,False,5689,6052,3925
516,516,2021-07-29,2023-09-27,2015-10-01,17462.579,False,6053,6843,3925
517,517,2023-09-28,2025-02-11,2015-10-01,18892.206,False,6844,7346,3925
518,518,2016-04-28,2016-05-26,2016-01-01,16492.7,False,4135,4163,4017
519,519,2016-05-27,2016-06-27,2016-01-01,16505.1,False,4164,4195,4017
520,520,2016-06-28,2016-07-28,2016-01-01,16514.6,False,4196,4226,4017
521,521,2016-07-29,2017-07-27,2016-01-01,16525.0,False,4227,4590,4017
522,522,2017-07-28,2017-10-26,2016-01-01,16571.6,False,4591,4681,4017
523,523,2017-10-27,2018-07-26,2016-01-01,16571.573,False,4682,4954,4017
524,524,2018-07-27,2019-07-25,2016-01-01,17523.374,False,4955,5318,4017
525,525,2019-07-26,2020-07-29,2016-01-01,17556.839,False,5319,5688,4017
526,526,2020-07-30,2021-07-28,2016-01-01,17613.264,False,5689,6052,4017
527,527,2021-07-29,2023-09-27,2016-01-01,17565.465,False,6053,6843,4017
528,528,2023-09-28,2025-02-11,2016-01-01,19001.69,False,6844,7346,4017
529,529,2016-07-29,2016-08-25,2016-04-01,16575.1,False,4227,4254,4108
530,530,2016-08-26,2016-09-28,2016-04-01,16570.2,False,4255,4288,4108
531,531,2016-09-29,2017-07-27,2016-04-01,16583.1,False,4289,4590,4108
532,532,2017-07-28,2017-10-26,2016-04-01,16663.5,False,4591,4681,4108
533,533,2017-10-27,2018-07-26,2016-04-01,16663.516,False,4682,4954,4108
534,534,2018-07-27,2019-07-25,2016-04-01,17622.486,False,4955,5318,4108
535,535,2019-07-26,2020-07-29,2016-04-01,17639.417,False,5319,5688,4108
536,536,2020-07-30,2021-07-28,2016-04-01,17668.203,False,5689,6052,4108
537,537,2021-07-29,2023-09-27,2016-04-01,17618.581,False,6053,6843,4108
538,538,2023-09-28,2025-02-11,2016-04-01,19062.709,False,6844,7346,4108
539,539,2016-10-28,2016-11-28,2016-07-01,16702.1,False,4318,4349,4199
540,540,2016-11-29,2016-12-21,2016-07-01,16712.5,False,4350,4372,4199
541,541,2016-12-22,2017-07-27,2016-07-01,16727.0,False,4373,4590,4199
542,542,2017-07-28,2017-10-26,2016-07-01,16778.1,False,4591,4681,4199
543,543,2017-10-27,2018-07-26,2016-07-01,16778.148,False,4682,4954,4199
544,544,2018-07-27,2019-07-25,2016-07-01,17706.705,False,4955,5318,4199
545,545,2019-07-26,2020-07-29,2016-07-01,17735.074,False,5319,5688,4199
546,546,2020-07-30,2021-07-28,2016-07-01,17764.388,False,5689,6052,4199
547,547,2021-07-29,2023-09-27,2016-07-01,17724.489,False,6053,6843,4199
548,548,2023-09-28,2025-02-11,2016-07-01,19197.938,False,6844,7346,4199
549,549,2017-01-27,2017-02-27,2016-10-01,16804.8,False,4409,4440,4291
550,550,2017-02-28,2017-03-29,2016-10-01,16804.1,False,4441,4470,4291
551,551,2017-03-30,2017-07-27,2016-10-01,16813.3,False,4471,4590,4291
552,552,2017-07-28,2017-10-26,2016-10-01,16851.4,False,4591,4681,4291
553,553,2017-10-27,2018-07-26,2016-10-01,16851.42,False,4682,4954,4291
554,554,2018-07-27,2019-07-25,2016-10-01,17784.185,False,4955,5318,4291
555,555,2019-07-26,2020-07-29,2016-10-01,17824.231,False,5319,5688,4291
556,556,2020-07-30,2021-07-28,2016-10-01,17876.179,False,5689,6052,4291
557,557,2021-07-29,2023-09-27,2016-10-01,17812.56,False,6053,6843,4291
558,558,2023-09-28,2025-02-11,2016-10-01,19304.352,False,6844,7346,4291
559,559,2017-04-28,2017-05-25,2017-01-01,16842.4,False,4500,4527,4383
560,560,2017-05-26,2017-06-28,2017-01-01,16861.6,False,4528,4561,4383
561,561,2017-06-29,2017-07-27,2017-01-01,16872.8,False,4562,4590,4383
562,562,2017-07-28,2017-10-26,2017-01-01,16903.2,False,4591,4681,4383
563,563,2017-10-27,2018-07-26,2017-01-01,16903.24,False,4682,4954,4383
564,564,2018-07-27,2019-07-25,2017-01-01,17863.023,False,4955,5318,4383
565,565,2019-07-26,2020-07-29,2017-01-01,17925.256,False,5319,5688,4383
566,566,2020-07-30,2021-07-28,2017-01-01,17977.299,False,5689,6052,4383
567,567,2021-07-29,2022-09-28,2017-01-01,17896.623,False,6053,6479,4383
568,568,2022-09-29,2023-09-27,2017-01-01,17889.094,False,6480,6843,4383
569,569,2023-09-28,2025-02-11,2017-01-01,19398.343,False,6844,7346,4383
570,570,2017-07-28,2017-08-29,2017-04-01,17010.7,False,4591,4623,4473
571,571,2017-08-30,2017-09-27,2017-04-01,17030.0,False,4624,4652,4473
572,572,2017-09-28,2017-10-26,2017-04-01,17031.1,False,4653,4681,4473
573,573,2017-10-27,2018-07-26,2017-04-01,17031.085,False,4682,4954,4473
574,574,2018-07-27,2019-07-25,2017-04-01,17995.15,False,4955,5318,4473
575,575,2019-07-26,2020-07-29,2017-04-01,18021.048,False,5319,5688,4473
576,576,2020-07-30,2021-07-28,2017-04-01,18054.052,False,5689,6052,4473
577,577,2021-07-29,2022-09-28,2017-04-01,17996.802,False,6053,6479,4473
578,578,2022-09-29,2023-09-27,2017-04-01,17979.218,False,6480,6843,4473
579,579,2023-09-28,2025-02-11,2017-04-01,19506.949,False,6844,7346,4473
580,580,2017-10-27,2017-11-28,2017-07-01,17156.946,False,4682,4714,4564
581,581,2017-11-29,2017-12-20,2017-07-01,17169.733,False,4715,4736,4564
582,582,2017-12-21,2018-07-26,2017-07-01,17163.894,False,4737,4954,4564
583,583,2018-07-27,2019-07-25,2017-07-01,18120.843,False,4955,5318,4564
584,584,2019-07-26,2020-07-29,2017-07-01,18163.558,False,5319,5688,4564
585,585,2020-07-30,2021-07-28,2017-07-01,18185.636,False,5689,6052,4564
586,586,2021-07-29,2022-09-28,2017-07-01,18126.226,False,6053,6479,4564
587,587,2022-09-29,2023-09-27,2017-07-01,18127.994,False,6480,6843,4564
588,588,2023-09-28,2025-02-11,2017-07-01,19660.766,False,6844,7346,4564
589,589,2018-01-26,2018-02-27,2017-10-01,17272.468,False,4773,4805,4656
590,590,2018-02-28,2018-03-27,2017-10-01,17271.702,False,4806,4833,4656
591,591,2018-03-28,2018-07-26,2017-10-01,17286.497,False,4834,4954,4656
592,592,2018-07-27,2019-07-25,2017-10-01,18223.758,False,4955,5318,4656
593,593,2019-07-26,2020-07-29,2017-10-01,18322.464,False,5319,5688,4656
594,594,2020-07-30,2021-07-28,2017-10-01,18359.432,False,5689,6052,4656
595,595,2021-07-29,2022-09-28,2017-10-01,18296.685,False,6053,6479,4656
596,596,2022-09-29,2023-09-27,2017-10-01,18310.3,False,6480,6843,4656
597,597,2023-09-28,2025-02-11,2017-10-01,19882.352,False,6844,7346,4656
598,598,2018-04-27,2018-05-29,2018-01-01,17385.831,False,4864,4896,4748
599,599,2018-05-30,2018-06-27,2018-01-01,17379.728,False,4897,4925,4748
600,600,2018-06-28,2018-07-26,2018-01-01,17371.854,False,4926,4954,4748
601,601,2018-07-27,2019-07-25,2018-01-01,18323.963,False,4955,5318,4748
602,602,2019-07-26,2020-07-29,2018-01-01,18438.254,False,5319,5688,4748
603,603,2020-07-30,2021-07-28,2018-01-01,18530.483,False,5689,6052,4748
604,604,2021-07-29,2022-09-28,2018-01-01,18436.262,False,6053,6479,4748
605,605,2022-09-29,2023-09-27,2018-01-01,18437.127,False,6480,6843,4748
606,606,2023-09-28,2025-02-11,2018-01-01,20044.077,False,6844,7346,4748
607,607,2018-07-27,2018-08-28,2018-04-01,18507.2,False,4955,4987,4838
608,608,2018-08-29,2018-09-26,2018-04-01,18514.595,False,4988,5016,4838
609,609,2018-09-27,2019-07-25,2018-04-01,18511.576,False,5017,5318,4838
610,610,2019-07-26,2020-07-29,2018-04-01,18598.135,False,5319,5688,4838
611,611,2020-07-30,2021-07-28,2018-04-01,18654.383,False,5689,6052,4838
612,612,2021-07-29,2022-09-28,2018-04-01,18590.004,False,6053,6479,4838
613,613,2022-09-29,2023-09-27,2018-04-01,18565.697,False,6480,6843,4838
614,614,2023-09-28,2025-02-11,2018-04-01,20150.476,False,6844,7346,4838
615,615,2018-10-26,2018-11-27,2018-07-01,18671.497,False,5046,5078,4929
616,616,2018-11-28,2018-12-20,2018-07-01,18671.65,False,5079,5101,4929
617,617,2018-12-21,2019-07-25,2018-07-01,18664.973,False,5102,5318,4929
618,618,2019-07-26,2020-07-29,2018-07-01,18732.72,False,5319,5688,4929
619,619,2020-07-30,2021-07-28,2018-07-01,18752.355,False,5689,6052,4929
620,620,2021-07-29,2022-09-28,2018-07-01,18679.599,False,6053,6479,4929
621,621,2022-09-29,2023-09-27,2018-07-01,18699.748,False,6480,6843,4929
622,622,2023-09-28,2025-02-11,2018-07-01,20276.154,False,6844,7346,4929
623,623,2019-02-28,2019-03-27,2018-10-01,18784.632,False,5171,5198,5021
624,624,2019-03-28,2019-07-25,2018-10-01,18765.256,False,5199,5318,5021
625,625,2019-07-26,2020-07-29,2018-10-01,18783.548,False,5319,5688,5021
626,626,2020-07-30,2021-07-28,2018-10-01,18813.923,False,5689,6052,5021
627,627,2021-07-29,2022-09-28,2018-10-01,18721.281,False,6053,6479,5021
628,628,2022-09-29,2023-09-27,2018-10-01,18733.741,False,6480,6843,5021
629,629,2023-09-28,2025-02-11,2018-10-01,20304.874,False,6844,7346,5021
630,630,2019-04-26,2019-05-29,2019-01-01,18912.326,False,5228,5261,5113
631,631,2019-05-30,2019-06-26,2019-01-01,18907.517,False,5262,5289,5113
632,632,2019-06-27,2019-07-25,2019-01-01,18910.332,False,5290,5318,5113
633,633,2019-07-26,2020-07-29,2019-01-01,18927.281,False,5319,5688,5113
634,634,2020-07-30,2021-07-28,2019-01-01,18950.347,False,5689,6052,5113
635,635,2021-07-29,2022-09-28,2019-01-01,18833.195,False,6053,6479,5113
636,636,2022-09-29,2023-09-27,2019-01-01,18835.411,False,6480,6843,5113
637,637,2023-09-28,2024-09-25,2019-01-01,20415.15,False,6844,7207,5113
638,638,2024-09-26,2025-02-11,2019-01-01,20431.641,False,7208,7346,5113
639,639,2019-07-26,2019-08-28,2019-04-01,19023.82,False,5319,5352,5203
640,640,2019-08-29,2019-09-25,2019-04-01,19023.022,False,5353,5380,5203
641,641,2019-09-26,2020-07-29,2019-04-01,19021.86,False,5381,5688,5203
642,642,2020-07-30,2021-07-28,2019-04-01,19020.599,False,5689,6052,5203
643,643,2021-07-29,2022-09-28,2019-04-01,18982.528,False,6053,6479,5203
644,644,2022-09-29,2023-09-27,2019-04-01,18962.175,False,6480,6843,5203
645,645,2023-09-28,2024-09-25,2019-04-01,20584.528,False,6844,7207,5203
646,646,2024-09-26,2025-02-11,2019-04-01,20602.275,False,7208,7346,5203
647,647,2019-10-30,2019-11-26,2019-07-01,19112.542,False,5415,5442,5294
648,648,2019-11-27,2019-12-19,2019-07-01,19122.06,False,5443,5465,5294
649,649,2019-12-20,2020-07-29,2019-07-01,19121.112,False,5466,5688,5294
650,650,2020-07-30,2021-07-28,2019-07-01,19141.744,False,5689,6052,5294
651,651,2021-07-29,2022-09-28,2019-07-01,19112.653,False,6053,6479,5294
652,652,2022-09-29,2023-09-27,2019-07-01,19130.932,False,6480,6843,5294
653,653,2023-09-28,2024-09-25,2019-07-01,20817.581,False,6844,7207,5294
654,654,2024-09-26,2025-02-11,2019-07-01,20843.322,False,7208,7346,5294
655,655,2020-01-30,2020-02-26,2019-10-01,19219.767,False,5507,5534,5386
656,656,2020-02-27,2020-03-25,2019-10-01,19220.49,False,5535,5562,5386
657,657,2020-03-26,2020-07-29,2019-10-01,19221.97,False,5563,5688,5386
658,658,2020-07-30,2021-07-28,2019-10-01,19253.959,False,5689,6052,5386
659,659,2021-07-29,2022-09-28,2019-10-01,19202.31,False,6053,6479,5386
660,660,2022-09-29,2023-09-27,2019-10-01,19215.691,False,6480,6843,5386
661,661,2023-09-28,2024-09-25,2019-10-01,20951.088,False,6844,7207,5386
662,662,2024-09-26,2025-02-11,2019-10-01,20985.448,False,7208,7346,5386
663,663,2020-04-29,2020-05-27,2020-01-01,18987.877,False,5597,5625,5478
664,664,2020-05-28,2020-06-24,2020-01-01,18974.702,False,5626,5653,5478
665,665,2020-06-25,2020-07-29,2020-01-01,18977.363,False,5654,5688,5478
666,666,2020-07-30,2021-07-28,2020-01-01,19010.848,False,5689,6052,5478
667,667,2021-07-29,2022-09-28,2020-01-01,18951.992,False,6053,6479,5478
668,668,2022-09-29,2023-09-27,2020-01-01,18989.877,False,6480,6843,5478
669,669,2023-09-28,2024-09-25,2020-01-01,20665.553,False,6844,7207,5478
670,670,2024-09-26,2025-02-11,2020-01-01,20693.238,False,7208,7346,5478
671,671,2020-07-30,2020-08-26,2020-04-01,17205.822,False,5689,5716,5569
672,672,2020-08-27,2020-09-29,2020-04-01,17282.188,False,5717,5750,5569
673,673,2020-09-30,2021-07-28,2020-04-01,17302.511,False,5751,6052,5569
674,674,2021-07-29,2022-09-28,2020-04-01,17258.205,False,6053,6479,5569
675,675,2022-09-29,2023-09-27,2020-04-01,17378.712,False,6480,6843,5569
676,676,2023-09-28,2024-09-25,2020-04-01,19034.83,False,6844,7207,5569
677,677,2024-09-26,2025-02-11,2020-04-01,19056.617,False,7208,7346,5569
678,678,2020-10-29,2020-11-24,2020-07-01,18583.984,False,5780,5806,5660
679,679,2020-11-25,2020-12-21,2020-07-01,18583.501,False,5807,5833,5660
680,680,2020-12-22,2021-07-28,2020-07-01,18596.521,False,5834,6052,5660
681,681,2021-07-29,2022-09-28,2020-07-01,18560.774,False,6053,6479,5660
682,682,2022-09-29,2023-09-27,2020-07-01,18743.72,False,6480,6843,5660
683,683,2023-09-28,2024-09-25,2020-07-01,20511.785,False,6844,7207,5660
684,684,2024-09-26,2025-02-11,2020-07-01,20548.793,False,7208,7346,5660
685,685,2021-01-28,2021-02-24,2020-10-01,18780.325,False,5871,5898,5752
686,686,2021-02-25,2021-03-24,2020-10-01,18783.902,False,5899,5926,5752
687,687,2021-03-25,2021-07-28,2020-10-01,18794.426,False,5927,6052,5752
688,688,2021-07-29,2022-09-28,2020-10-01,18767.778,False,6053,6479,5752
689,689,2022-09-29,2023-09-27,2020-10-01,18924.262,False,6480,6843,5752
690,690,2023-09-28,2024-09-25,2020-10-01,20724.128,False,6844,7207,5752
691,691,2024-09-26,2025-02-11,2020-10-01,20771.691,False,7208,7346,5752
692,692,2021-04-29,2021-05-26,2021-01-01,19087.568,False,5962,5989,5844
693,693,2021-05-27,2021-06-23,2021-01-01,19088.064,False,5990,6017,5844
694,694,2021-06-24,2021-07-28,2021-01-01,19086.375,False,6018,6052,5844
695,695,2021-07-29,2022-09-28,2021-01-01,19055.655,False,6053,6479,5844
696,696,2022-09-29,2023-09-27,2021-01-01,19216.224,False,6480,6843,5844
697,697,2023-09-28,2024-09-25,2021-01-01,20990.541,False,6844,7207,5844
698,698,2024-09-26,2025-02-11,2021-01-01,21058.379,False,7208,7346,5844
699,699,2021-07-29,2021-08-25,2021-04-01,19358.176,False,6053,6080,5934
700,700,2021-08-26,2021-09-29,2021-04-01,19360.6,False,6081,6115,5934
701,701,2021-09-30,2022-09-28,2021-04-01,19368.31,False,6116,6479,5934
702,702,2022-09-29,2023-09-27,2021-04-01,19544.248,False,6480,6843,5934
703,703,2023-09-28,2024-09-25,2021-04-01,21309.544,False,6844,7207,5934
704,704,2024-09-26,2025-02-11,2021-04-01,21389.005,False,7208,7346,5934
705,705,2021-10-28,2021-11-23,2021-07-01,19465.195,False,6144,6170,6025
706,706,2021-11-24,2021-12-21,2021-07-01,19469.398,False,6171,6198,6025
707,707,2021-12-22,2022-09-28,2021-07-01,19478.893,False,6199,6479,6025
708,708,2022-09-29,2023-09-27,2021-07-01,19672.594,False,6480,6843,6025
709,709,2023-09-28,2024-09-25,2021-07-01,21483.083,False,6844,7207,6025
710,710,2024-09-26,2025-02-11,2021-07-01,21571.421,False,7208,7346,6025
711,711,2022-01-27,2022-02-23,2021-10-01,19805.962,False,6235,6262,6117
712,712,2022-02-24,2022-03-29,2021-10-01,19810.572,False,6263,6296,6117
713,713,2022-03-30,2022-09-28,2021-10-01,19806.29,False,6297,6479,6117
714,714,2022-09-29,2023-09-27,2021-10-01,20006.181,False,6480,6843,6117
715,715,2023-09-28,2024-09-25,2021-10-01,21847.602,False,6844,7207,6117
716,716,2024-09-26,2025-02-11,2021-10-01,21960.388,False,7208,7346,6117
717,717,2022-04-28,2022-05-25,2022-01-01,19735.895,False,6326,6353,6209
718,718,2022-05-26,2022-06-28,2022-01-01,19731.119,False,6354,6387,6209
719,719,2022-06-29,2022-09-28,2022-01-01,19727.918,False,6388,6479,6209
720,720,2022-09-29,2023-09-27,2022-01-01,19924.088,False,6480,6843,6209
721,721,2023-09-28,2024-09-25,2022-01-01,21738.871,False,6844,7207,6209
722,722,2024-09-26,2025-02-11,2022-01-01,21903.85,False,7208,7346,6209
723,723,2022-07-28,2022-08-24,2022-04-01,19681.682,False,6417,6444,6299
724,724,2022-08-25,2022-09-28,2022-04-01,19699.465,False,6445,6479,6299
725,725,2022-09-29,2023-09-27,2022-04-01,19895.271,False,6480,6843,6299
726,726,2023-09-28,2024-09-25,2022-04-01,21708.16,False,6844,7207,6299
727,727,2024-09-26,2025-02-11,2022-04-01,21919.222,False,7208,7346,6299
728,728,2022-10-27,2022-11-29,2022-07-01,20021.721,False,6508,6541,6390
729,729,2022-11-30,2022-12-21,2022-07-01,20039.406,False,6542,6563,6390
730,730,2022-12-22,2023-09-27,2022-07-01,20054.663,False,6564,6843,6390
731,731,2023-09-28,2024-09-25,2022-07-01,21851.134,False,6844,7207,6390
732,732,2024-09-26,2025-02-11,2022-07-01,22066.784,False,7208,7346,6390
733,733,2023-01-26,2023-02-22,2022-10-01,20198.091,False,6599,6626,6482
734,734,2023-02-23,2023-03-29,2022-10-01,20187.495,False,6627,6661,6482
735,735,2023-03-30,2023-09-27,2022-10-01,20182.491,False,6662,6843,6482
736,736,2023-09-28,2024-09-25,2022-10-01,21989.981,False,6844,7207,6482
737,737,2024-09-26,2025-02-11,2022-10-01,22249.459,False,7208,7346,6482
738,738,2023-04-27,2023-05-24,2023-01-01,20235.878,False,6690,6717,6574
739,739,2023-05-25,2023-06-28,2023-01-01,20246.439,False,6718,6752,6574
740,740,2023-06-29,2023-09-27,2023-01-01,20282.76,False,6753,6843,6574
741,741,2023-09-28,2024-09-25,2023-01-01,22112.329,False,6844,7207,6574
742,742,2024-09-26,2025-02-11,2023-01-01,22403.435,False,7208,7346,6574
743,743,2023-07-27,2023-08-29,2023-04-01,20404.088,False,6781,6814,6664
744,744,2023-08-30,2023-09-27,2023-04-01,20386.467,False,6815,6843,6664
745,745,2023-09-28,2024-09-25,2023-04-01,22225.35,False,6844,7207,6664
746,746,2024-09-26,2025-02-11,2023-04-01,22539.418,False,7208,7346,6664
747,747,2023-10-26,2023-11-28,2023-07-01,22491.567,False,6872,6905,6755
748,748,2023-11-29,2023-12-20,2023-07-01,22506.365,False,6906,6927,6755
749,749,2023-12-21,2024-09-25,2023-07-01,22490.692,False,6928,7207,6755
750,750,2024-09-26,2025-02-11,2023-07-01,22780.933,False,7208,7346,6755
751,751,2024-01-25,2024-02-27,2023-10-01,22672.859,False,6963,6996,6847
752,752,2024-02-28,2024-03-27,2023-10-01,22668.986,False,6997,7025,6847
753,753,2024-03-28,2024-09-25,2023-10-01,22679.255,False,7026,7207,6847
754,754,2024-09-26,2025-02-11,2023-10-01,22960.6,False,7208,7346,6847
755,755,2024-04-25,2024-05-29,2024-01-01,22768.866,False,7054,7088,6939
756,756,2024-05-30,2024-06-26,2024-01-01,22749.846,False,7089,7116,6939
757,757,2024-06-27,2024-09-25,2024-01-01,22758.752,False,7117,7207,6939
758,758,2024-09-26,2025-02-11,2024-01-01,23053.545,False,7208,7346,6939
759,759,2024-07-25,2024-08-28,2024-04-01,22918.739,False,7145,7179,7030
760,760,2024-08-29,2024-09-25,2024-04-01,22924.863,False,7180,7207,7030
761,761,2024-09-26,2025-02-11,2024-04-01,23223.906,False,7208,7346,7030
762,762,2024-10-30,2024-11-26,2024-07-01,23386.248,False,7242,7269,7121
763,763,2024-11-27,2025-02-11,2024-07-01,23386.733,False,7270,7346,7121
